Resource ID,Resource,Service area,Needs,Public phone,Public email,Official URL,Next step,Verification,Last reviewed
at-ohio-library,AT Ohio Device Lending Library,Statewide,,800-784-3425,,https://atohio.org/about-library,"Browse devices, submit signed request/agreement and await approval.",imported_unverified,2026-09-30
cms-care-compare,Medicare Care Compare,federal,care_facilities,,,https://www.medicare.gov/care-compare/,Compare published Medicare provider and quality information.,official_search_extract_only,2026-10-02
coaaa-navigation,COAAA information and assistance,Delaware; Fairfield; Fayette; Franklin; Licking; Madison; Pickaway; Union,general_navigation; help_at_home,800-589-7277,,https://www.coaaa.org/connect/request-help-form/,Ask for aging or disability support options in Delaware County.,official_source_reviewed,2026-10-02
county-dd,Ohio Association of County Boards of DD — Family Resources,,,,,https://www.oacbdd.org/familyresources,Link county navigator; collect direct four-county contacts after verification,imported_unverified,2026-09-30
cvso-map,Ohio county veterans service office directory route,,,,,https://osavsc.org/,"Link current directory, then verify direct contacts in four counties",imported_unverified,2026-09-30
delaware-aps,Delaware Adult Protective Services,Delaware,general_navigation,740-833-2300,,https://jfs.co.delaware.oh.us/adult/,"Report suspected abuse, neglect or exploitation of an older adult in the community.",official_search_extract_only,2026-10-02
delaware-dd-fss,Delaware Family Support Services,Delaware,,740-201-5888,,https://www.dcbdd.org/family-support-services/,"Contact Information & Referral; obtain Board referral, then MEORC authorization before services. MEORC pays providers directly after services.",imported_unverified,2026-09-30
delaware-dd-intake,Delaware DD intake and service coordination,Delaware,dd_intake_service_coordination; child_development_autism,740-201-3601,,https://www.dcbdd.org/eligibility/,Ask how to start an age-appropriate developmental-disability eligibility review.,official_source_reviewed,2026-10-02
delaware-jfs-medicaid,Delaware Medicaid application assistance,Delaware,benefits_and_funding,740-833-2300,,https://jfs.co.delaware.oh.us/,Ask how to apply for Medicaid and who handles the required assessment.,official_search_extract_only,2026-10-02
delaware-regional-ombudsman,Delaware regional Long-Term Care Ombudsman,Delaware,general_navigation,800-536-5891,,https://www.coaaa.org/resources/emergency-and-crisis/adult-protective-services-consumer-protection/,Ask for resident-directed help with a long-term-care concern.,official_source_reviewed,2026-10-02
delaware-vso,Delaware County Veterans Services,Delaware,benefits_and_funding; veteran_services; equipment_home_accessibility; general_navigation,740-833-2010,,https://veteransservice.co.delaware.oh.us/,Ask for help identifying a HISA or SAH/SHA application route and any local alternatives.,needs_recheck,2026-10-02
disability-rights-ohio,Disability Rights Ohio intake,statewide,general_navigation,800-282-9181,,https://www.disabilityrightsohio.org/intake-procedure,"Ask about disability rights, discrimination, abuse or access to services.",official_source_reviewed,2026-10-02
district5-adrn,District 5 Aging and Disability Resource Network,Ashland; Crawford; Huron; Knox; Marion; Morrow; Richland; Seneca; Wyandot,general_navigation; help_at_home,800-860-5799,,https://www.aaa5ohio.org/resources/aging-and-disability-resource-network/,Call for help finding long-term services and supports.,official_source_reviewed,2026-10-02
district5-ombudsman,District 5 Long-Term Care Ombudsman,Morrow; Knox; Marion,general_navigation,800-860-5799,,https://www.aaa5ohio.org/services/long-term-care-ombudsman/,"Ask about rights or a concern with nursing-home, assisted-living or home care.",official_source_reviewed,2026-10-02
district5-vdc,District 5 Veteran-Directed Care,District 5; confirm VA service area,,800-860-5799,,https://www.aaa5ohio.org/services/veteran-directed-care-vdc/,Ask District 5 and VA care team about a VDC assessment and local availability.,imported_unverified,2026-09-30
findhelp,findhelp,,,,,https://www.findhelp.org/,Use for broader social needs; validate current local matches,imported_unverified,2026-09-30
help-me-grow,Help Me Grow: Ohio Early Intervention referral,statewide,child_development_autism,800-755-4769,hmgreferrals@helpmegrow.org,https://ochids.childrenandyouth.ohio.gov/public/refer,Local EI program contacts the family and assigns a coordinator for consent and eligibility work.,official_source_reviewed,2026-10-02
helpline-211,HelpLine 211,Morrow; Delaware,general_navigation,211,,https://helplinedelmor.org/211-2/,Ask for local health and human-service resources.,official_source_reviewed,2026-10-02
knox-aps,Knox Adult Protective Services,Knox,general_navigation,740-397-7177,,https://co.knox.oh.us/jfs/children-and-family-services/,"Report suspected abuse, neglect or exploitation of an older adult in the community.",official_source_reviewed,2026-10-02
knox-dd-intake,Knox DD intake and service coordination,Knox,dd_intake_service_coordination; child_development_autism,740-397-4656,,https://www.knoxdd.com/eligibility,Ask how to start an age-appropriate developmental-disability eligibility review.,official_source_reviewed,2026-10-02
knox-jfs-medicaid,Knox Medicaid application assistance,Knox,benefits_and_funding,740-397-7177,,https://co.knox.oh.us/jfs/,Ask how to apply for Medicaid and who handles the required assessment.,official_source_reviewed,2026-10-02
knox-vso,Knox County Veterans Services Office,Knox,benefits_and_funding; veteran_services; equipment_home_accessibility; general_navigation,740-393-6742,,https://kcvso.com/,Ask for help identifying a HISA or SAH/SHA application route and any local alternatives.,needs_recheck,2026-10-02
marion-aps,Marion Adult Protective Services,Marion,general_navigation,740-223-1919,,https://mcjfs.com/benefits/adult-protective-services/,"Report suspected abuse, neglect or exploitation of an older adult in the community.",official_source_reviewed,2026-10-02
marion-dd-intake,Marion DD intake and service coordination,Marion,dd_intake_service_coordination; child_development_autism,740-387-1035,,https://www.marioncountydd.org/getting-started/,Ask how to start an age-appropriate developmental-disability eligibility review.,official_source_reviewed,2026-10-02
marion-jfs-guide,Marion JFS community resource guide,Marion,,,,https://mcjfs.com/community-resources/,"Refer to existing guide, then verify the selected provider contact.",imported_unverified,2026-09-30
marion-jfs-medicaid,Marion Medicaid application assistance,Marion,benefits_and_funding,740-387-8560,,https://mcjfs.com/,Ask how to apply for Medicaid and who handles the required assessment.,official_source_reviewed,2026-10-02
marion-vso,Marion County Veterans Service Commission,Marion,benefits_and_funding; veteran_services; equipment_home_accessibility; general_navigation,740-387-0100,,https://www.marionveteranservice.com/,Ask for help identifying a HISA or SAH/SHA application route and any local alternatives.,needs_recheck,2026-10-02
milestones-lifeworks,Milestones Provider Directory at Lifeworks,,,,,https://lifeworksautism.org/Resources,Link existing specialist directory; test local availability before adding provider lists,imported_unverified,2026-09-30
morrow-aps,Morrow Adult Protective Services,Morrow,general_navigation,419-947-9111,,https://jfs.morrowcountyohio.gov/family___children_services/adult_protective_services.php,"Report suspected abuse, neglect or exploitation of an older adult in the community.",official_source_reviewed,2026-10-02
morrow-dd-fdr,Morrow Family Directed Resources,Morrow,,419-947-1159 ext. 302,,https://www.morrowdd.com/family-directed-resources-fdr/,Ask for an eligibility assessment and FDR packet; after allocation request through the office or SSA.,imported_unverified,2026-09-30
morrow-dd-intake,Morrow DD intake and service coordination,Morrow,dd_intake_service_coordination; child_development_autism,419-947-1159,board@morrowdd.com,https://www.morrowdd.com/service-and-support-administration/,Ask how to start an age-appropriate developmental-disability eligibility review.,official_source_reviewed,2026-10-02
morrow-jfs-medicaid,Morrow Medicaid application assistance,Morrow,benefits_and_funding,419-947-9111,,https://jfs.morrowcountyohio.gov/,Ask how to apply for Medicaid and who handles the required assessment.,official_source_reviewed,2026-10-02
morrow-vso,Morrow County Veterans Service Office,Morrow,benefits_and_funding; veteran_services; equipment_home_accessibility; general_navigation,419-946-1914,,https://morrowcountyveterans.com/,Ask for help identifying a HISA or SAH/SHA application route and any local alternatives.,needs_recheck,2026-10-02
ocali-family,OCALI Family Resource Hub,,,,,https://ocali.org/Family-Resource-Hub,Use for basic overviews; add short local next-step guidance where needed,imported_unverified,2026-09-30
ocali-gallery,OCALI Family and Community Resource Gallery,,,,,https://ocali.org/fc_resource_gallery,Link specialist guides rather than rewriting them,imported_unverified,2026-09-30
ohio-aging-compass,Ohio Aging Compass,,,,,https://compass.aging.ohio.gov/,Link existing hub; cross-link local facility records,imported_unverified,2026-09-30
ohio-dvs-fallback,Ohio Department of Veterans Services — statewide fallback,statewide,veteran_services; general_navigation,614-644-0898,contactus@dvs.ohio.gov,https://dvs.ohio.gov/,,official_search_extract_only,2026-10-02
ohio-ltss,Ohio Benefits Long-Term Services and Supports,statewide,general_navigation; benefits_and_funding,844-644-6582,,https://www.ohiohelps.org/Home/SearchProvider,Ask for screening and application instructions for the appropriate program.,official_source_reviewed,2026-10-02
ohio-p2p,Ohio Parent to Parent,Statewide,,513-803-5557,,https://www.ohiof2f.org/ohiop2p/,Call or use linked interest form to request a match.,imported_unverified,2026-09-30
ohio-quality-navigator,Ohio Long-Term Care Consumer Guide / Quality Navigator,statewide,care_facilities,,,https://aging.ohio.gov/Navigator,Compare published nursing-home and residential-care information.,official_source_reviewed,2026-10-02
ohio-state-ombudsman,Ohio State Long-Term Care Ombudsman,statewide,general_navigation,800-282-1206,OhioOmbudsman@age.ohio.gov,https://dam.assets.ohio.gov/image/upload/v1742216742/aging.ohio.gov/Ombudsman/Ombudsman_Brochure_-_State.pdf,Ask for an advocate for long-term-care rights or complaints.,official_source_reviewed,2026-10-02
ood-vocational-rehabilitation,OOD vocational rehabilitation entry,statewide,employment_transition,,,https://ood.ohio.gov/,Ask OOD how to apply for vocational rehabilitation.,official_search_extract_only,2026-10-02
pathways-211,Pathways 211,Knox; Marion,general_navigation,211,,https://pathwaysofcentralohio.com/211-crisis-hotline-information-center/,Ask for local health and human-service resources.,official_source_reviewed,2026-10-02
r02-aid-attendance-housebound,Pension additions: Aid and Attendance or Housebound,federal,veteran_services; benefits_and_funding,,,https://www.va.gov/pension/aid-attendance-housebound/,Ask the county office what assessment or facility certification is needed.,official_source_reviewed,2026-10-02
r02-dic,Dependency and Indemnity Compensation,federal,veteran_services; benefits_and_funding,,,https://www.va.gov/family-and-caregiver-benefits/survivor-compensation/dependency-indemnity-compensation/,Ask the county office to identify the correct survivor-benefit route.,official_source_reviewed,2026-10-02
r02-disability-increase,Increased VA disability compensation,federal,veteran_services; benefits_and_funding,,,https://www.va.gov/disability/how-to-file-claim/evidence-needed/,Ask the county office about review of a worsened service-connected condition.,official_source_reviewed,2026-10-02
r02-family-caregiver,VA Program of Comprehensive Assistance for Family Caregivers,federal,veteran_services; benefits_and_funding,,,https://www.va.gov/CAREGIVER/PCAFC.asp,Ask the VA Caregiver Support Team whether PCAFC assessment is appropriate.,official_source_reviewed,2026-10-02
r02-general-caregiver,VA Program of General Caregiver Support Services,federal,veteran_services; benefits_and_funding,,,https://www.va.gov/the-program-of-general-caregiver-support-services/,Ask the VA Caregiver Support Team about general caregiver support.,official_source_reviewed,2026-10-02
r02-hospice,VA hospice care,federal,veteran_services; benefits_and_funding,,,https://www.va.gov/geriatrics/pages/Hospice_Care.asp,Ask the VA care team about hospice and coordination with community care.,official_source_reviewed,2026-10-02
r02-ohio-county-burial,Ohio county assistance for eligible indigent burials,Morrow; Knox; Marion; Delaware,veteran_services; benefits_and_funding,,,https://codes.ohio.gov/ohio-revised-code/section-5901.25,Contact the county office about burial-assistance review.,official_source_reviewed,2026-10-02
r02-ohio-veterans-homes,Ohio Veterans Homes: Sandusky and Georgetown,statewide,veteran_services; benefits_and_funding,,,https://dam.assets.ohio.gov/image/upload/dvs.ohio.gov/ovh/ovh-admission-application.pdf,Ask Ohio Veterans Homes admissions about the current application and care assessment.,official_source_reviewed,2026-10-02
r02-palliative,VA palliative care,federal,veteran_services; benefits_and_funding,,,https://www.va.gov/geriatrics/pages/Palliative_Care.asp,Ask the VA care team about palliative care.,official_source_reviewed,2026-10-02
r02-pension-medicaid-rule,VA pension during Medicaid-covered nursing home care,federal,veteran_services; benefits_and_funding,,,https://www.ecfr.gov/current/title-38/section-3.551,Ask about the pension/Medicaid interaction before changing any benefit.,official_source_reviewed,2026-10-02
r02-survivors-pension,Survivors Pension,federal,veteran_services; benefits_and_funding,,,https://www.va.gov/family-and-caregiver-benefits/survivor-compensation/survivors-pension/,Ask the county office about Survivors Pension.,official_source_reviewed,2026-10-02
r02-va-burial,VA burial allowance and memorial routes,federal,veteran_services; benefits_and_funding,,,https://www.va.gov/burials-memorials/veterans-burial-allowance/,Ask the county office or VA burial program about the correct application.,official_source_reviewed,2026-10-02
r02-va-clc,VA Community Living Centers,federal,veteran_services; benefits_and_funding,,,https://www.va.gov/GERIATRICS/pages/VA_Community_Living_Centers.asp,Ask a VA social worker about the extended-care assessment.,official_source_reviewed,2026-10-02
r02-va-cnh,VA Community Nursing Home program,federal,veteran_services; benefits_and_funding,,,https://www.va.gov/GERIATRICS/pages/Community_Nursing_Homes.asp,Ask a VA social worker about authorized community nursing care.,official_source_reviewed,2026-10-02
r02-va-health-enrollment,VA health care enrollment,federal,veteran_services; benefits_and_funding,877-222-8387,,https://www.va.gov/health-care/how-to-apply/,Ask VA enrollment staff about applying for health care.,official_source_reviewed,2026-10-02
r02-va-pension,Veterans Pension,federal,veteran_services; benefits_and_funding,,,https://www.va.gov/pension/eligibility/,Ask an accredited county officer whether pension should be explored.,official_source_reviewed,2026-10-02
r02-whv,We Honor Veterans public resources,federal,veteran_services; benefits_and_funding,,,https://www.wehonorveterans.org/about/,Use public veteran-care resources and ask the clinical team about coordinated care.,official_source_reviewed,2026-10-02
sourcepoint-home-care,SourcePoint in-home care,Delaware,,740-363-6677,,https://mysourcepoint.org/care/,Call or use the information/referral form for care assessment.,imported_unverified,2026-09-30
special-education,Ohio special education evaluation and transition guidance,statewide,education_special_education; employment_transition; general_navigation,614-466-2650,Exceptionalchildren@education.ohio.gov,https://education.ohio.gov/Topics/Special-Education/Families-of-Students-with-Disabilities,Request an evaluation or discuss transition goals; use state roadmaps and parent-support links.,official_source_reviewed,2026-10-02
va-adapted-housing,VA adapted housing entry route: SAH and SHA,statewide,equipment_home_accessibility,,,https://www.va.gov/housing-assistance/disability-housing-grants/,Read the eligibility list; prepare Social Security number and VA file/claim number if available.,official_source_reviewed,2026-10-02
va-hisa,VA Home Improvements and Structural Alterations (HISA),statewide,equipment_home_accessibility,,,https://www.prosthetics.va.gov/psas/HISA2.asp,Request medical review and the application checklist.,official_source_reviewed,2026-10-02
va-sah,VA Specially Adapted Housing (SAH) grant,federal,equipment_home_accessibility,,,https://www.va.gov/housing-assistance/disability-housing-grants/,,official_source_reviewed,2026-10-02
va-sha,VA Special Housing Adaptation (SHA) grant,federal,equipment_home_accessibility,,,https://www.va.gov/housing-assistance/disability-housing-grants/,,official_source_reviewed,2026-10-02
